label,description_ar,protocol,address,command,raw,bits,status,captured_at_utc
POWER,زر التشغيل الأحمر بجوار MUTE,NEC,0x00,0x1C,0xE31CFF00,32,mapped,2026-10-05T19:58:51+00:00
MUTE,كتم الصوت,NEC,0x00,0x08,0xF708FF00,32,mapped,2026-10-05T19:58:56+00:00
RED,الزر الأحمر,NEC,0x00,0x56,0xA956FF00,32,mapped,2026-10-05T19:59:01+00:00
GREEN,الزر الأخضر,NEC,0x00,0x57,0xA857FF00,32,mapped,2026-10-05T19:59:04+00:00
YELLOW,الزر الأصفر,NEC,0x00,0x1F,0xE01FFF00,32,mapped,2026-10-05T19:59:06+00:00
BLUE,الزر الأزرق,NEC,0x00,0x5B,0xA45BFF00,32,mapped,2026-10-05T19:59:09+00:00
ZOOM,تكبير الصورة,NEC,0x00,0x55,0xAA55FF00,32,mapped,2026-10-05T19:59:11+00:00
SUB,الترجمة SUB,NEC,0x00,0x5E,0xA15EFF00,32,mapped,2026-10-05T19:59:14+00:00
TSHIFT,الإزاحة الزمنية T.SHIFT,NEC,0x00,0x51,0xAE51FF00,32,mapped,2026-10-05T19:59:17+00:00
SOURCE,المصدر SOURCE,NEC,0x00,0x59,0xA659FF00,32,mapped,2026-10-05T19:59:19+00:00
TV_RADIO,TV/RADIO,NEC,0x00,0x5A,0xA55AFF00,32,mapped,2026-10-05T19:59:23+00:00
TTX_CC,TTX/CC,NEC,0x00,0x52,0xAD52FF00,32,mapped,2026-10-05T19:59:26+00:00
FILELIST,قائمة الملفات FILELIST,NEC,0x00,0x5D,0xA25DFF00,32,mapped,2026-10-05T19:59:29+00:00
TIMER,المؤقت TIMER,NEC,0x00,0x5C,0xA35CFF00,32,mapped,2026-10-05T19:59:31+00:00
PLAY,تشغيل الوسائط ▶,NEC,0x00,0x01,0xFE01FF00,32,mapped,2026-10-05T19:59:33+00:00
PAUSE,إيقاف مؤقت ⏸,NEC,0x00,0x5F,0xA05FFF00,32,mapped,2026-10-05T19:59:37+00:00
STOP,إيقاف الوسائط ■,NEC,0x00,0x19,0xE619FF00,32,mapped,2026-10-05T19:59:42+00:00
RECORD,تسجيل ●,NEC,0x00,0x58,0xA758FF00,32,mapped,2026-10-05T19:59:44+00:00
MENU,القائمة MENU,NEC,0x00,0x18,0xE718FF00,32,mapped,2026-10-05T19:59:46+00:00
EXIT,خروج EXIT,NEC,0x00,0x17,0xE817FF00,32,mapped,2026-10-05T19:59:49+00:00
UP,السهم لأعلى ▲,NEC,0x00,0x1A,0xE51AFF00,32,mapped,2026-10-05T19:59:55+00:00
LEFT,السهم لليسار ◀,NEC,0x00,0x47,0xB847FF00,32,mapped,2026-10-05T20:00:02+00:00
OK,الزر الأوسط OK,NEC,0x00,0x06,0xF906FF00,32,mapped,2026-10-05T20:00:04+00:00
RIGHT,السهم لليمين ▶,NEC,0x00,0x07,0xF807FF00,32,mapped,2026-10-05T20:00:07+00:00
DOWN,السهم لأسفل ▼,NEC,0x00,0x48,0xB748FF00,32,mapped,2026-10-05T20:00:10+00:00
EPG,دليل البرامج EPG,NEC,0x00,0x49,0xB649FF00,32,mapped,2026-10-05T20:00:15+00:00
INFO,المعلومات INFO,NEC,0x00,0x0A,0xF50AFF00,32,mapped,2026-10-05T20:00:18+00:00
PREVIOUS_TRACK,المسار السابق ⏮,NEC,0x00,0x4B,0xB44BFF00,32,mapped,2026-10-05T20:00:25+00:00
AUDIO,اختيار الصوت AUDIO,NEC,0x00,0x03,0xFC03FF00,32,mapped,2026-10-05T20:00:30+00:00
REWIND,إرجاع سريع ⏪,NEC,0x00,0x09,0xF609FF00,32,mapped,2026-10-05T20:00:38+00:00
SAT,القمر الصناعي SAT,NEC,0x00,0x42,0xBD42FF00,32,mapped,2026-10-05T20:00:42+00:00
FAST_FORWARD,تقديم سريع ⏩,NEC,0x00,0x05,0xFA05FF00,32,mapped,2026-10-05T20:00:48+00:00
NEXT_TRACK,المسار التالي ⏭,NEC,0x00,0x4F,0xB04FFF00,32,mapped,2026-10-05T20:00:51+00:00
DIGIT_1,الرقم 1,NEC,0x00,0x54,0xAB54FF00,32,mapped,2026-10-05T20:00:53+00:00
DIGIT_2,الرقم 2,NEC,0x00,0x16,0xE916FF00,32,mapped,2026-10-05T20:00:55+00:00
DIGIT_3,الرقم 3,NEC,0x00,0x15,0xEA15FF00,32,mapped,2026-10-05T20:00:57+00:00
DIGIT_4,الرقم 4,NEC,0x00,0x50,0xAF50FF00,32,mapped,2026-10-05T20:01:00+00:00
DIGIT_5,الرقم 5,NEC,0x00,0x12,0xED12FF00,32,mapped,2026-10-05T20:01:02+00:00
DIGIT_6,الرقم 6,NEC,0x00,0x11,0xEE11FF00,32,mapped,2026-10-05T20:01:04+00:00
DIGIT_7,الرقم 7,NEC,0x00,0x4C,0xB34CFF00,32,mapped,2026-10-05T20:01:06+00:00
DIGIT_8,الرقم 8,NEC,0x00,0x0E,0xF10EFF00,32,mapped,2026-10-05T20:01:09+00:00
DIGIT_9,الرقم 9,NEC,0x00,0x0D,0xF20DFF00,32,mapped,2026-10-05T20:01:11+00:00
FAV,المفضلة FAV,NEC,0x00,0x41,0xBE41FF00,32,mapped,2026-10-05T20:01:13+00:00
DIGIT_0,الرقم 0,NEC,0x00,0x0C,0xF30CFF00,32,mapped,2026-10-05T20:01:15+00:00
RECALL,استرجاع القناة RECALL,NEC,0x00,0x10,0xEF10FF00,32,mapped,2026-10-05T20:01:18+00:00
